{"cameraMode":{"drawMode":0,"name":"Shaded","section":"Shading Mode"},"sceneLighting":false,"audioPlay":false,"sceneViewState":{"showFog":true,"showMaterialUpdate":false,"showSkybox":true,"showFlares":true,"showImageEffects":true,"showParticleSystems":true},"in2DMode":false,"pivot":{"x":0.10000000149011612,"y":1.3677425384521485,"z":2.6517927646636965},"rotation":{"x":-0.20432397723197938,"y":-0.01850241608917713,"z":0.003862649668008089,"w":-0.9787208437919617},"size":22.0,"orthographic":false}